CustomerID,Contract,SupportCalls,MonthlyBill,PaymentMethod,BillingIssues,DataUsageGB,TenureMonths,AutoPay,Churn
C001,Monthly,5,120.0,CreditCard,1,60.0,6,0,Yes
C002,Annual,1,80.0,UPI,0,95.0,24,1,No
C003,Monthly,5,74.12,CreditCard,1,105.81,36,1,Yes
C004,Annual,1,46.44,UPI,0,74.44,21,0,No
C005,Monthly,4,105.61,DebitCard,0,105.19,16,1,Yes
C006,Annual,4,119.31,Wallet,0,46.82,27,1,No
C007,Annual,1,84.34,CreditCard,1,113.79,27,0,No
C008,Monthly,2,48.55,DebitCard,0,136.5,13,0,Yes
C009,Monthly,2,107.36,CreditCard,0,101.38,18,0,No
C010,Monthly,0,75.35,UPI,0,56.92,9,0,No
C011,Monthly,0,80.73,BankTransfer,1,49.53,18,1,Yes
C012,Monthly,4,111.85,CreditCard,0,107.74,16,1,No
C013,Quarterly,0,90.29,Wallet,0,90.89,28,0,No
C014,Annual,3,105.51,CreditCard,0,51.72,14,1,Yes
C015,Monthly,2,78.75,BankTransfer,0,50.45,6,1,Yes
C016,Monthly,1,87.49,UPI,0,62.21,24,1,No
C017,Monthly,8,112.31,CreditCard,0,45.27,19,1,Yes
C018,Annual,5,79.54,Wallet,0,120.33,11,0,No
C019,Monthly,0,98.66,BankTransfer,0,84.1,26,0,Yes
C020,Monthly,3,94.42,CreditCard,0,76.22,14,0,Yes
C021,Annual,0,107.04,CreditCard,0,93.07,19,1,Yes
C022,Monthly,1,91.3,CreditCard,0,78.07,25,0,Yes
C023,Quarterly,3,92.78,UPI,0,55.06,8,0,No
C024,Annual,3,130.84,BankTransfer,0,117.47,20,0,No
C025,Monthly,1,97.55,BankTransfer,0,155.9,28,1,Yes
C026,Monthly,2,92.51,DebitCard,0,34.52,12,0,Yes
C027,Annual,5,47.8,CreditCard,0,118.38,1,0,No
C028,Monthly,4,71.32,UPI,0,90.97,17,0,Yes
C029,Monthly,2,142.62,UPI,1,75.21,20,1,Yes
C030,Annual,0,119.62,CreditCard,0,84.35,51,0,Yes
C031,Quarterly,1,83.4,UPI,0,86.91,1,1,No
C032,Monthly,3,97.84,BankTransfer,0,92.6,1,0,No
C033,Monthly,2,71.77,CreditCard,0,143.75,24,0,Yes
C034,Monthly,2,67.8,DebitCard,0,82.75,18,1,Yes
C035,Monthly,2,63.07,Wallet,0,96.67,19,1,No
C036,Monthly,1,72.13,CreditCard,0,35.95,28,0,No
C037,Monthly,2,66.34,CreditCard,1,126.49,9,1,Yes
C038,Annual,3,103.69,CreditCard,0,85.32,21,0,No
C039,Annual,2,93.44,Wallet,1,42.5,18,1,No
C040,Monthly,3,116.6,CreditCard,0,78.72,28,0,Yes
C041,Quarterly,6,95.25,CreditCard,0,118.31,24,1,No
C042,Monthly,2,93.47,UPI,0,112.2,11,0,Yes
C043,Monthly,2,95.18,Wallet,0,54.83,25,1,No
C044,Monthly,3,109.27,Wallet,0,25.74,12,0,No
C045,Quarterly,3,64.49,DebitCard,1,78.11,2,0,Yes
C046,Monthly,1,111.67,BankTransfer,0,70.15,28,1,No
C047,Monthly,3,89.69,CreditCard,0,116.04,6,1,Yes
C048,Annual,1,37.13,DebitCard,1,117.79,8,1,No
C049,Monthly,0,84.37,DebitCard,0,145.8,13,0,Yes
C050,Annual,0,36.49,UPI,0,111.17,11,0,Yes
C051,Monthly,2,58.18,CreditCard,0,111.62,4,0,Yes
C052,Annual,4,24.33,CreditCard,1,116.33,9,1,No
C053,Monthly,3,57.14,BankTransfer,0,138.46,1,0,Yes
C054,Monthly,1,79.45,DebitCard,0,31.97,9,0,No
C055,Quarterly,1,65.81,DebitCard,0,73.37,19,1,Yes
C056,Monthly,3,108.35,BankTransfer,0,55.09,30,1,Yes
C057,Monthly,2,77.14,DebitCard,0,41.31,20,1,No
C058,Monthly,1,74.52,DebitCard,1,73.67,5,0,No
C059,Monthly,2,77.95,UPI,0,88.23,26,1,Yes
C060,Annual,0,90.98,CreditCard,0,48.88,8,1,No
C061,Monthly,1,58.02,CreditCard,0,60.14,24,1,Yes
C062,Quarterly,2,116.13,UPI,0,71.58,17,0,No
C063,Annual,2,114.88,DebitCard,0,101.78,8,0,No
C064,Quarterly,1,58.21,CreditCard,0,91.62,25,0,No
C065,Monthly,1,78.4,CreditCard,0,82.75,18,0,No
C066,Monthly,3,98.82,UPI,0,78.52,11,0,Yes
C067,Quarterly,1,55.32,Wallet,0,60.35,17,0,No
C068,Monthly,5,37.62,UPI,0,63.73,26,0,Yes
C069,Annual,3,110.88,CreditCard,0,63.71,16,1,Yes
C070,Annual,2,78.29,Wallet,0,132.52,18,1,No
C071,Annual,1,82.21,CreditCard,0,77.23,22,0,Yes
C072,Monthly,1,78.51,Wallet,1,109.57,13,1,Yes
C073,Annual,2,116.58,CreditCard,1,10.03,11,0,No
C074,Monthly,1,42.28,BankTransfer,1,91.97,6,1,No
C075,Monthly,0,75.27,Wallet,0,140.28,7,0,No
C076,Monthly,2,69.39,UPI,0,94.26,26,1,No
C077,Annual,3,50.1,DebitCard,0,88.0,15,1,No
C078,Monthly,2,38.61,UPI,1,75.47,25,1,No
C079,Monthly,0,63.48,UPI,0,74.7,11,1,Yes
C080,Monthly,1,94.41,UPI,1,75.39,12,1,No
C081,Monthly,1,136.53,UPI,1,122.34,12,0,Yes
C082,Monthly,2,101.86,CreditCard,0,103.48,27,0,No
C083,Monthly,1,90.0,DebitCard,0,122.87,16,1,Yes
C084,Monthly,3,91.43,Wallet,0,9.9,21,0,Yes
C085,Monthly,0,88.15,DebitCard,0,23.63,4,0,Yes
C086,Annual,0,104.34,BankTransfer,0,53.15,22,1,No
C087,Annual,1,97.75,UPI,0,34.05,26,0,No
C088,Monthly,3,103.54,DebitCard,0,119.71,17,1,No
C089,Monthly,2,76.93,BankTransfer,0,93.25,19,0,Yes
C090,Annual,1,85.99,DebitCard,0,80.93,10,1,No
C091,Annual,0,76.03,UPI,0,80.28,17,0,No
C092,Quarterly,2,82.97,UPI,1,104.58,15,1,No
C093,Annual,2,124.96,BankTransfer,0,78.38,8,1,No
C094,Annual,3,74.34,CreditCard,0,70.57,35,0,No
C095,Monthly,3,142.02,BankTransfer,0,59.08,13,0,No
C096,Annual,2,139.26,UPI,0,82.93,33,0,No
C097,Monthly,2,104.17,DebitCard,0,67.88,1,1,Yes
C098,Monthly,1,103.29,DebitCard,0,127.67,27,1,Yes
C099,Annual,2,109.36,BankTransfer,0,114.06,1,0,No
C100,Annual,4,111.57,BankTransfer,0,101.8,13,0,No
C101,Monthly,1,52.57,UPI,0,86.52,12,0,Yes
C102,Quarterly,5,67.9,DebitCard,0,35.57,13,0,No
C103,Monthly,0,56.36,BankTransfer,1,101.73,8,1,Yes
C104,Monthly,1,92.01,CreditCard,0,106.93,23,0,No
C105,Annual,2,103.85,CreditCard,0,94.75,1,1,Yes
C106,Monthly,0,95.76,DebitCard,0,107.24,33,0,No
C107,Quarterly,3,121.69,UPI,0,103.52,22,0,No
C108,Annual,2,112.91,CreditCard,0,124.23,34,1,No
C109,Annual,4,84.56,CreditCard,0,90.18,36,0,No
C110,Annual,0,74.4,CreditCard,0,121.57,25,1,No
C111,Monthly,0,81.58,CreditCard,0,97.95,22,1,Yes
C112,Monthly,2,147.28,CreditCard,1,86.56,11,1,Yes
C113,Monthly,3,100.91,CreditCard,0,115.51,33,1,Yes
C114,Monthly,2,85.26,CreditCard,0,37.15,11,1,No
C115,Monthly,3,108.88,DebitCard,0,73.77,8,0,Yes
C116,Quarterly,2,62.01,CreditCard,0,82.34,18,1,Yes
C117,Annual,0,102.74,Wallet,0,61.85,12,1,No
C118,Annual,4,89.23,DebitCard,0,40.11,4,0,No
C119,Monthly,1,100.83,CreditCard,0,95.93,18,0,No
C120,Monthly,0,103.57,UPI,0,127.16,9,0,No
C121,Quarterly,1,24.33,Wallet,0,70.07,12,1,No
C122,Monthly,0,77.13,DebitCard,0,98.78,19,1,No
C123,Monthly,3,103.46,CreditCard,0,85.77,1,1,No
C124,Quarterly,1,92.66,UPI,1,71.99,9,1,No
C125,Monthly,2,44.45,Wallet,0,77.0,22,0,Yes
C126,Annual,4,93.78,BankTransfer,0,34.61,14,1,No
C127,Annual,2,103.71,UPI,0,44.26,4,1,No
C128,Monthly,0,112.15,UPI,0,45.38,10,1,No
C129,Monthly,2,98.98,DebitCard,0,49.22,11,0,Yes
C130,Annual,2,42.12,CreditCard,0,92.18,23,0,No
C131,Annual,5,57.79,CreditCard,1,69.69,6,0,Yes
C132,Monthly,3,55.09,Wallet,0,86.44,28,0,Yes
C133,Monthly,2,123.76,UPI,0,72.07,1,0,Yes
C134,Annual,2,94.73,CreditCard,0,66.43,34,1,No
C135,Annual,3,71.42,CreditCard,0,84.29,15,1,No
C136,Monthly,2,81.06,CreditCard,0,60.53,21,0,No
C137,Monthly,1,82.43,Wallet,1,47.29,25,1,Yes
C138,Annual,3,105.54,CreditCard,0,89.37,1,1,Yes
C139,Annual,4,102.86,CreditCard,1,88.94,32,1,No
C140,Monthly,3,79.18,DebitCard,0,46.64,17,0,Yes
C141,Quarterly,3,120.68,DebitCard,1,68.99,6,1,Yes
C142,Annual,0,86.37,UPI,0,128.52,23,1,No
C143,Monthly,2,71.04,UPI,0,48.24,4,1,No
C144,Monthly,0,127.51,DebitCard,1,127.35,24,0,Yes
C145,Monthly,2,48.5,BankTransfer,0,81.96,21,1,No
C146,Monthly,1,58.48,Wallet,0,121.03,39,1,Yes
C147,Annual,1,132.6,CreditCard,1,130.62,16,0,No
C148,Monthly,2,92.39,CreditCard,0,68.48,13,1,Yes
C149,Monthly,2,82.04,DebitCard,1,99.95,13,1,Yes
C150,Monthly,1,62.02,CreditCard,0,63.14,9,0,Yes
C151,Monthly,2,79.32,Wallet,0,19.61,23,1,Yes
C152,Monthly,2,81.21,Wallet,0,54.15,13,1,Yes
C153,Monthly,4,86.62,CreditCard,0,123.82,13,1,No
C154,Monthly,3,34.88,BankTransfer,0,35.1,10,1,No
C155,Quarterly,0,85.87,UPI,0,44.35,31,1,Yes
C156,Monthly,2,53.85,CreditCard,0,101.2,6,0,No
C157,Monthly,1,90.33,UPI,0,156.01,17,0,No
C158,Monthly,4,86.9,UPI,0,105.84,22,1,Yes
C159,Quarterly,1,74.47,UPI,0,44.63,23,0,No
C160,Annual,1,50.99,BankTransfer,1,82.87,18,1,No
C161,Annual,1,98.87,BankTransfer,1,97.37,8,0,No
C162,Monthly,3,74.78,DebitCard,0,54.2,30,0,Yes
C163,Monthly,2,98.81,DebitCard,0,66.7,12,0,No
C164,Annual,2,111.53,CreditCard,0,64.16,29,0,No
C165,Annual,1,134.1,DebitCard,0,124.87,13,1,Yes
C166,Monthly,4,70.16,CreditCard,0,78.99,10,1,Yes
C167,Annual,1,41.66,CreditCard,0,102.55,18,1,No
C168,Annual,1,88.75,Wallet,1,30.24,1,0,No
C169,Quarterly,4,83.43,CreditCard,0,87.62,27,0,Yes
C170,Annual,1,65.19,CreditCard,0,96.3,11,1,No
C171,Monthly,1,80.75,UPI,0,91.81,23,1,No
C172,Monthly,4,96.76,UPI,0,125.59,16,0,No
C173,Monthly,2,63.11,DebitCard,0,52.99,14,1,Yes
C174,Monthly,4,98.74,Wallet,0,34.89,8,0,Yes
C175,Annual,3,107.64,CreditCard,1,77.2,3,1,No
C176,Monthly,3,79.86,CreditCard,1,79.63,23,0,Yes
C177,Quarterly,1,116.09,UPI,0,34.51,24,0,Yes
C178,Monthly,1,78.62,CreditCard,0,95.72,32,0,No
C179,Monthly,2,65.19,UPI,0,94.43,15,0,Yes
C180,Monthly,1,95.96,BankTransfer,0,81.48,15,0,Yes
C181,Monthly,3,73.98,Wallet,0,100.77,28,1,Yes
C182,Monthly,3,52.74,BankTransfer,0,95.8,18,0,Yes
C183,Monthly,1,100.0,CreditCard,0,18.55,19,1,Yes
C184,Monthly,1,101.73,DebitCard,0,44.78,15,1,Yes
C185,Annual,5,85.89,BankTransfer,1,83.8,24,1,Yes
C186,Monthly,1,103.48,Wallet,0,36.1,18,1,No
C187,Monthly,3,76.4,UPI,0,87.33,14,1,Yes
C188,Monthly,2,112.28,UPI,1,91.61,19,0,Yes
C189,Monthly,0,104.82,CreditCard,0,114.47,18,1,No
C190,Monthly,4,79.53,CreditCard,0,116.95,19,0,Yes
C191,Annual,1,68.35,CreditCard,0,128.84,16,1,No
C192,Annual,2,79.47,BankTransfer,0,52.71,25,1,Yes
C193,Monthly,2,113.15,CreditCard,0,99.66,9,0,Yes
C194,Monthly,4,65.87,BankTransfer,1,94.94,8,1,No
C195,Monthly,2,63.72,CreditCard,0,100.16,23,0,No
C196,Monthly,1,103.91,Wallet,0,57.37,22,0,Yes
C197,Monthly,2,84.47,UPI,0,65.97,21,1,Yes
C198,Monthly,3,60.91,CreditCard,0,60.84,38,1,Yes
C199,Annual,7,76.37,UPI,1,85.94,10,1,No
C200,Monthly,1,87.74,UPI,1,84.9,9,1,No
C201,Quarterly,2,100.26,UPI,0,66.45,20,1,Yes
C202,Quarterly,3,125.83,UPI,0,79.06,22,0,Yes
C203,Annual,2,116.99,UPI,0,59.3,7,0,Yes
C204,Monthly,2,110.45,Wallet,0,75.13,14,1,Yes
C205,Annual,1,87.56,DebitCard,1,84.84,13,0,Yes
C206,Annual,3,61.67,BankTransfer,0,75.9,10,0,No
C207,Quarterly,1,86.32,DebitCard,0,89.83,14,1,No
C208,Monthly,6,50.63,CreditCard,1,72.05,10,0,No
C209,Quarterly,1,98.18,BankTransfer,0,64.81,16,1,No
C210,Annual,0,119.46,CreditCard,1,71.89,23,1,No
C211,Quarterly,3,104.57,DebitCard,0,72.5,2,1,Yes
C212,Monthly,2,91.89,UPI,0,58.68,10,0,Yes
C213,Annual,2,69.94,Wallet,0,39.58,19,0,No
C214,Annual,5,134.49,DebitCard,1,93.93,15,1,Yes
C215,Monthly,0,116.17,CreditCard,0,66.08,1,1,Yes
C216,Quarterly,1,54.54,UPI,1,56.41,12,1,Yes
C217,Monthly,4,113.83,UPI,0,94.7,33,1,No
C218,Annual,3,103.49,UPI,0,58.82,18,0,Yes
C219,Annual,3,91.14,CreditCard,0,91.55,4,0,No
C220,Quarterly,3,92.9,Wallet,0,107.77,22,1,Yes
C221,Annual,2,86.12,Wallet,0,55.23,19,1,No
C222,Monthly,1,114.98,BankTransfer,0,95.79,26,0,Yes
C223,Monthly,3,82.31,Wallet,0,74.39,22,0,Yes
C224,Monthly,4,94.9,UPI,0,89.46,11,1,No
C225,Quarterly,7,96.31,UPI,1,112.81,17,0,No
C226,Monthly,0,61.71,BankTransfer,0,70.12,16,0,Yes
C227,Annual,7,147.33,CreditCard,0,87.5,15,1,No
C228,Monthly,2,86.44,UPI,0,121.97,17,1,Yes
C229,Monthly,0,99.34,Wallet,0,104.85,23,1,Yes
C230,Monthly,2,77.67,Wallet,0,99.02,15,1,No
C231,Quarterly,0,124.92,CreditCard,0,103.2,3,1,No
C232,Annual,6,78.28,DebitCard,0,75.2,23,1,No
C233,Quarterly,3,99.94,BankTransfer,0,81.97,20,1,No
C234,Monthly,1,82.09,Wallet,0,80.67,13,1,Yes
C235,Annual,2,65.69,CreditCard,0,154.35,7,0,Yes
C236,Monthly,2,58.54,DebitCard,1,80.58,15,1,Yes
C237,Annual,2,72.48,Wallet,0,101.34,22,1,Yes
C238,Quarterly,2,85.31,BankTransfer,0,85.18,28,0,No
C239,Monthly,3,67.8,UPI,0,62.15,16,0,No
C240,Monthly,4,75.96,CreditCard,0,8.86,15,0,No
C241,Quarterly,2,100.45,CreditCard,1,29.8,22,1,No
C242,Monthly,3,119.17,CreditCard,0,113.77,30,0,No
C243,Annual,4,54.41,CreditCard,0,74.97,15,1,No
C244,Monthly,1,113.57,CreditCard,0,24.18,14,1,No
C245,Annual,6,110.03,UPI,0,79.37,10,1,No
C246,Annual,4,89.85,UPI,0,71.51,17,1,No
C247,Monthly,3,110.95,DebitCard,0,61.23,26,1,Yes
C248,Quarterly,2,78.49,BankTransfer,0,78.31,3,1,No
C249,Monthly,1,119.85,CreditCard,1,71.88,31,1,Yes
C250,Annual,1,77.22,CreditCard,0,65.89,19,0,No
C251,Monthly,3,52.52,UPI,0,118.86,15,1,Yes
C252,Monthly,4,41.9,UPI,0,97.87,35,1,Yes
C253,Annual,2,150.45,CreditCard,0,83.36,24,1,No
C254,Monthly,2,50.9,BankTransfer,0,145.55,5,0,Yes
C255,Quarterly,1,47.49,UPI,0,115.21,3,0,Yes
C256,Monthly,3,86.42,UPI,0,75.57,20,1,Yes
C257,Monthly,2,109.38,DebitCard,0,8.26,19,0,Yes
C258,Annual,4,97.53,UPI,0,109.17,15,1,No
C259,Quarterly,1,95.78,CreditCard,0,43.53,9,1,No
C260,Annual,2,113.35,DebitCard,0,86.18,23,1,Yes
C261,Quarterly,1,90.9,UPI,0,54.68,21,0,No
C262,Monthly,6,96.51,UPI,0,84.9,12,0,No
C263,Annual,0,106.17,UPI,0,68.32,2,0,No
C264,Monthly,0,94.49,CreditCard,0,65.15,23,0,Yes
C265,Monthly,4,60.54,DebitCard,0,84.14,25,0,No
C266,Annual,2,102.84,BankTransfer,1,92.98,18,1,No
C267,Monthly,2,54.8,BankTransfer,1,91.65,20,1,No
C268,Monthly,1,115.74,Wallet,0,123.41,8,1,Yes
C269,Annual,3,95.65,CreditCard,1,98.73,15,1,No
C270,Monthly,0,127.55,CreditCard,0,116.09,23,1,Yes
C271,Annual,1,92.96,CreditCard,0,62.03,17,0,No
C272,Quarterly,2,95.73,Wallet,0,82.6,1,1,No
C273,Monthly,1,65.78,CreditCard,0,16.78,26,0,No
C274,Monthly,5,99.52,CreditCard,1,31.02,17,1,Yes
C275,Monthly,6,100.25,CreditCard,0,61.93,11,1,No
C276,Annual,4,98.47,UPI,0,116.41,14,0,Yes
C277,Monthly,0,82.69,UPI,0,98.29,30,0,Yes
C278,Monthly,2,83.17,BankTransfer,0,102.17,1,0,Yes
C279,Monthly,6,67.58,CreditCard,0,59.42,15,1,Yes
C280,Annual,1,77.16,CreditCard,0,137.16,24,0,No
C281,Monthly,2,157.63,Wallet,0,55.11,26,1,Yes
C282,Annual,1,103.54,CreditCard,0,101.19,19,0,No
C283,Monthly,2,60.74,UPI,0,53.89,21,1,Yes
C284,Annual,1,63.31,UPI,0,100.32,32,1,No
C285,Monthly,2,101.88,CreditCard,0,91.6,15,1,Yes
C286,Monthly,2,117.88,CreditCard,0,69.65,15,0,No
C287,Annual,1,99.37,UPI,0,87.34,31,1,No
C288,Monthly,3,110.55,CreditCard,0,114.29,2,1,No
C289,Annual,2,87.37,BankTransfer,1,111.23,30,1,No
C290,Monthly,3,40.26,CreditCard,0,107.86,27,0,No
C291,Monthly,3,62.32,CreditCard,0,106.52,13,1,Yes
C292,Monthly,2,72.81,UPI,0,115.46,11,0,Yes
C293,Monthly,1,63.99,CreditCard,0,51.36,17,1,Yes
C294,Monthly,2,132.7,BankTransfer,0,108.01,22,0,Yes
C295,Monthly,1,77.51,DebitCard,0,88.82,22,0,Yes
C296,Monthly,2,131.15,CreditCard,1,103.27,9,1,No
C297,Annual,2,84.56,CreditCard,0,43.85,1,1,No
C298,Monthly,1,116.73,UPI,1,121.87,15,1,Yes
C299,Monthly,1,90.74,BankTransfer,0,116.86,31,1,No
C300,Monthly,0,106.98,CreditCard,0,88.88,8,0,Yes
C301,Monthly,2,76.15,DebitCard,0,47.15,23,0,Yes
C302,Annual,1,93.86,UPI,1,44.25,15,1,No
C303,Annual,3,97.18,UPI,0,52.0,22,1,No
C304,Monthly,3,104.54,UPI,0,83.34,12,1,Yes
C305,Monthly,3,107.2,DebitCard,0,90.72,9,1,Yes
C306,Annual,2,100.97,DebitCard,0,80.13,1,1,No
C307,Monthly,5,124.97,BankTransfer,0,91.15,10,0,Yes
C308,Monthly,3,114.74,BankTransfer,0,154.64,6,1,Yes
C309,Monthly,2,80.91,DebitCard,1,133.64,20,1,No
C310,Annual,2,27.01,BankTransfer,0,70.04,22,0,Yes
C311,Annual,2,86.87,CreditCard,0,122.46,15,1,No
C312,Quarterly,3,65.28,Wallet,0,96.06,17,1,No
C313,Monthly,1,68.18,BankTransfer,0,108.19,15,1,Yes
C314,Annual,2,81.55,UPI,0,107.38,10,0,No
C315,Annual,4,82.36,UPI,0,93.7,27,1,No
C316,Annual,2,80.59,CreditCard,0,82.4,4,1,No
C317,Annual,3,139.03,Wallet,0,76.37,6,1,No
C318,Monthly,1,80.48,UPI,0,32.34,21,1,Yes
C319,Monthly,1,110.57,UPI,0,95.91,33,0,Yes
C320,Monthly,3,75.46,UPI,0,52.92,17,0,Yes
C321,Monthly,5,123.74,CreditCard,0,93.0,16,0,Yes
C322,Annual,2,121.76,Wallet,0,72.26,13,1,No
C323,Monthly,4,72.98,UPI,0,56.46,25,1,Yes
C324,Quarterly,2,117.75,UPI,0,82.34,12,0,Yes
C325,Monthly,1,82.54,CreditCard,0,78.84,35,0,No
C326,Annual,0,110.59,UPI,0,1.52,16,1,Yes
C327,Monthly,3,113.52,CreditCard,0,65.02,25,0,Yes
C328,Monthly,4,97.6,Wallet,0,93.64,23,1,No
C329,Monthly,2,131.62,CreditCard,0,84.5,26,1,No
C330,Monthly,4,33.45,CreditCard,0,40.28,10,1,Yes
C331,Annual,2,66.55,CreditCard,0,88.51,38,1,No
C332,Monthly,4,81.11,DebitCard,0,49.53,14,1,Yes
C333,Annual,3,34.93,BankTransfer,0,74.79,25,1,No
C334,Monthly,1,62.72,CreditCard,0,84.0,20,0,Yes
C335,Monthly,1,76.69,UPI,0,88.87,25,1,No
C336,Annual,3,106.81,CreditCard,1,36.36,6,0,Yes
C337,Monthly,5,128.88,DebitCard,0,70.12,18,0,Yes
C338,Annual,1,94.77,CreditCard,0,33.52,41,0,No
C339,Monthly,3,90.1,CreditCard,0,59.23,9,0,Yes
C340,Quarterly,1,93.04,DebitCard,0,49.43,30,0,No
C341,Monthly,4,58.19,DebitCard,0,82.12,14,0,No
C342,Monthly,1,36.79,CreditCard,0,113.8,38,1,Yes
C343,Annual,3,121.86,UPI,0,145.33,5,1,No
C344,Monthly,5,93.98,CreditCard,0,123.63,11,0,No
C345,Quarterly,4,82.18,BankTransfer,0,63.5,27,0,No
C346,Annual,1,98.88,CreditCard,0,67.26,19,1,No
C347,Monthly,2,108.02,BankTransfer,0,118.07,20,1,Yes
C348,Annual,4,62.57,CreditCard,0,123.11,15,1,No
C349,Annual,3,139.2,BankTransfer,0,68.77,1,1,No
C350,Monthly,2,88.75,CreditCard,0,62.36,8,1,Yes
C351,Monthly,3,68.69,CreditCard,0,100.5,12,0,No
C352,Monthly,3,125.48,CreditCard,0,55.94,5,0,Yes
C353,Annual,4,117.06,UPI,0,61.43,22,1,No
C354,Monthly,3,91.59,CreditCard,0,72.18,28,1,Yes
C355,Monthly,3,89.99,CreditCard,0,68.02,15,1,Yes
C356,Annual,2,90.83,UPI,0,52.96,3,1,No
C357,Annual,1,110.89,CreditCard,0,91.72,20,0,No
C358,Monthly,2,119.21,UPI,0,92.31,22,1,No
C359,Annual,3,65.08,DebitCard,0,60.76,24,1,Yes
C360,Monthly,1,161.1,CreditCard,0,82.16,7,0,No
C361,Annual,2,103.13,BankTransfer,1,27.54,1,1,No
C362,Monthly,2,115.33,DebitCard,0,120.45,28,0,Yes
C363,Monthly,3,102.94,CreditCard,1,59.49,14,1,Yes
C364,Annual,2,121.1,UPI,0,79.99,17,0,No
C365,Annual,2,86.97,BankTransfer,0,70.87,22,1,No
C366,Quarterly,1,74.18,CreditCard,0,87.98,20,1,No
C367,Annual,1,78.61,CreditCard,0,85.67,20,1,Yes
C368,Monthly,4,87.66,BankTransfer,0,66.43,14,1,Yes
C369,Monthly,1,114.91,DebitCard,1,72.44,15,1,Yes
C370,Monthly,4,106.54,UPI,0,119.19,16,0,No
C371,Monthly,3,134.48,DebitCard,0,86.95,27,1,Yes
C372,Monthly,1,99.06,Wallet,0,114.67,11,1,No
C373,Monthly,4,120.66,DebitCard,0,40.47,1,0,Yes
C374,Monthly,1,66.01,Wallet,0,135.68,27,1,Yes
C375,Monthly,3,74.98,UPI,0,92.67,32,1,Yes
C376,Monthly,2,90.68,CreditCard,0,77.89,26,1,Yes
C377,Monthly,5,100.56,UPI,0,49.6,31,1,Yes
C378,Monthly,3,133.93,BankTransfer,0,84.72,1,1,Yes
C379,Monthly,1,40.34,UPI,0,96.56,26,1,Yes
C380,Annual,3,88.47,DebitCard,1,60.93,22,1,No
C381,Monthly,0,85.34,CreditCard,0,120.1,25,1,No
C382,Quarterly,3,99.32,UPI,0,72.85,15,1,No
C383,Quarterly,2,67.41,DebitCard,1,88.97,11,1,No
C384,Monthly,2,91.86,DebitCard,0,124.47,29,0,Yes
C385,Monthly,6,80.86,DebitCard,0,10.75,3,1,Yes
C386,Annual,3,78.66,DebitCard,0,82.39,33,1,No
C387,Monthly,7,80.5,DebitCard,1,59.24,22,0,Yes
C388,Annual,5,106.0,CreditCard,0,96.69,16,1,No
C389,Annual,8,89.37,DebitCard,1,54.65,21,0,No
C390,Monthly,3,113.89,CreditCard,0,109.78,33,1,Yes
C391,Annual,2,51.11,CreditCard,1,76.0,23,1,Yes
C392,Quarterly,0,88.43,DebitCard,0,63.45,1,0,No
C393,Monthly,4,56.45,BankTransfer,0,135.35,41,1,Yes
C394,Annual,1,70.22,DebitCard,0,46.95,14,0,No
C395,Monthly,4,64.96,UPI,0,82.18,15,1,No
C396,Annual,3,123.71,BankTransfer,0,36.51,27,0,No
C397,Monthly,3,90.19,Wallet,0,32.36,22,1,Yes
C398,Annual,3,84.8,UPI,0,15.47,32,0,No
C399,Monthly,1,78.62,UPI,0,112.33,19,0,No
C400,Monthly,3,98.18,UPI,0,66.94,22,0,Yes
C401,Monthly,1,115.41,CreditCard,1,62.21,17,1,Yes
C402,Annual,1,95.37,CreditCard,0,68.67,10,0,No
C403,Annual,4,98.72,CreditCard,1,52.45,3,1,Yes
C404,Monthly,2,94.25,CreditCard,0,80.08,23,0,Yes
C405,Monthly,4,41.98,UPI,1,75.69,22,0,Yes
C406,Monthly,1,48.74,UPI,1,89.47,9,1,Yes
C407,Annual,2,81.68,CreditCard,0,85.06,17,1,Yes
C408,Monthly,2,78.97,Wallet,0,56.58,23,0,Yes
C409,Annual,3,98.31,DebitCard,0,89.47,8,1,Yes
C410,Annual,4,111.88,UPI,0,90.92,26,0,No
C411,Monthly,0,73.23,CreditCard,0,53.28,11,0,No
C412,Monthly,2,104.85,BankTransfer,0,32.31,38,1,No
C413,Quarterly,1,81.61,CreditCard,1,109.26,27,0,No
C414,Annual,3,86.13,CreditCard,0,101.4,14,0,No
C415,Annual,1,57.95,DebitCard,0,69.89,17,0,No
C416,Annual,1,89.79,DebitCard,0,51.45,14,1,Yes
C417,Monthly,1,124.66,UPI,0,127.26,13,0,Yes
C418,Monthly,2,47.44,BankTransfer,0,100.8,21,1,Yes
C419,Monthly,1,83.9,CreditCard,0,45.41,16,0,Yes
C420,Quarterly,4,91.86,UPI,0,111.57,14,0,Yes
C421,Quarterly,3,90.37,DebitCard,0,5.35,11,1,Yes
C422,Monthly,3,129.07,Wallet,0,103.01,33,1,Yes
C423,Quarterly,3,107.8,UPI,0,105.27,33,0,Yes
C424,Annual,2,84.25,Wallet,0,84.53,26,1,No
C425,Annual,3,117.77,BankTransfer,1,39.95,5,1,No
C426,Annual,3,77.35,Wallet,0,53.63,12,1,Yes
C427,Annual,2,78.59,CreditCard,0,72.26,7,1,No
C428,Annual,1,121.04,UPI,0,70.14,28,0,No
C429,Monthly,0,133.16,Wallet,0,35.04,32,1,No
C430,Annual,3,107.19,Wallet,0,63.86,27,1,Yes
C431,Monthly,2,62.81,BankTransfer,0,75.35,24,0,Yes
C432,Monthly,1,52.01,DebitCard,0,73.06,23,1,Yes
C433,Monthly,4,114.1,CreditCard,0,61.66,5,1,No
C434,Annual,1,118.65,UPI,0,122.69,31,1,No
C435,Quarterly,3,72.34,CreditCard,0,100.61,17,1,No
C436,Monthly,2,126.07,UPI,0,50.56,4,0,No
C437,Monthly,1,77.85,CreditCard,0,63.34,21,1,Yes
C438,Annual,2,53.51,DebitCard,0,57.1,17,0,Yes
C439,Annual,2,91.3,UPI,1,35.59,2,1,No
C440,Monthly,2,99.69,CreditCard,1,19.87,22,1,Yes
C441,Monthly,3,61.96,DebitCard,1,46.67,8,1,No
C442,Monthly,2,114.9,CreditCard,0,111.43,14,0,Yes
C443,Monthly,1,81.64,BankTransfer,0,90.4,25,0,No
C444,Quarterly,1,112.4,Wallet,0,131.03,3,1,Yes
C445,Monthly,2,102.09,UPI,0,110.32,13,1,Yes
C446,Quarterly,4,56.26,UPI,1,114.19,23,1,Yes
C447,Annual,3,59.38,BankTransfer,1,10.29,29,1,No
C448,Annual,1,97.19,CreditCard,0,87.57,7,0,No
C449,Monthly,3,83.14,UPI,0,108.7,13,0,No
C450,Monthly,4,121.86,CreditCard,0,97.24,10,0,Yes
C451,Monthly,3,91.62,UPI,0,84.54,25,0,Yes
C452,Quarterly,2,69.01,CreditCard,1,54.27,24,0,No
C453,Monthly,2,138.22,CreditCard,0,58.46,45,0,No
C454,Monthly,1,71.38,BankTransfer,0,144.95,10,0,No
C455,Monthly,4,67.96,CreditCard,1,142.83,9,0,Yes
C456,Monthly,4,57.51,BankTransfer,0,78.86,27,0,Yes
C457,Annual,2,122.62,UPI,0,29.28,17,1,No
C458,Quarterly,1,110.7,UPI,1,38.01,14,0,Yes
C459,Monthly,4,77.46,UPI,0,66.44,16,0,Yes
C460,Annual,2,56.19,BankTransfer,0,63.28,28,1,No
C461,Monthly,3,104.31,CreditCard,0,37.95,20,0,Yes
C462,Monthly,1,123.22,BankTransfer,0,42.45,10,1,No
C463,Monthly,4,79.33,DebitCard,1,58.11,14,0,Yes
C464,Monthly,2,66.81,CreditCard,0,25.67,42,0,No
C465,Annual,2,83.91,BankTransfer,0,136.22,32,0,No
C466,Annual,0,92.48,CreditCard,0,72.8,26,1,Yes
C467,Annual,2,90.98,DebitCard,0,150.97,25,1,No
C468,Monthly,2,91.68,Wallet,0,59.04,12,1,No
C469,Monthly,3,74.55,CreditCard,1,108.29,20,1,No
C470,Monthly,0,83.64,UPI,0,92.02,10,0,No
C471,Monthly,1,122.34,UPI,0,59.91,4,1,Yes
C472,Monthly,1,100.86,UPI,0,60.71,19,0,No
C473,Monthly,3,152.62,CreditCard,0,61.92,20,1,Yes
C474,Monthly,1,92.37,UPI,0,82.28,7,1,No
C475,Annual,2,81.56,Wallet,0,65.11,16,0,Yes
C476,Quarterly,3,103.09,CreditCard,1,93.08,8,0,No
C477,Quarterly,4,125.78,BankTransfer,0,56.86,18,0,No
C478,Monthly,3,89.77,BankTransfer,0,59.69,25,0,No
C479,Monthly,2,94.69,DebitCard,0,130.22,8,1,Yes
C480,Monthly,2,123.21,BankTransfer,0,78.45,11,0,No
C481,Monthly,3,97.91,BankTransfer,0,109.82,14,1,No
C482,Monthly,1,84.41,CreditCard,0,117.06,19,1,Yes
C483,Annual,1,57.39,UPI,0,56.94,20,1,No
C484,Annual,1,95.12,BankTransfer,0,115.04,7,0,Yes
C485,Monthly,0,47.75,Wallet,0,86.19,20,1,Yes
C486,Monthly,1,62.84,CreditCard,0,58.76,25,1,No
C487,Annual,1,73.1,DebitCard,0,75.8,1,1,No
C488,Quarterly,3,57.52,UPI,0,111.44,44,1,No
C489,Monthly,0,72.31,DebitCard,0,122.18,37,1,Yes
C490,Monthly,1,80.96,DebitCard,1,98.42,8,0,Yes
C491,Monthly,3,80.29,CreditCard,0,108.46,9,1,No
C492,Quarterly,7,86.0,CreditCard,0,89.31,22,0,No
C493,Annual,4,107.58,DebitCard,0,82.69,34,1,No
C494,Monthly,1,63.03,DebitCard,0,91.27,3,1,No
C495,Annual,0,121.44,UPI,0,17.97,25,1,No
C496,Monthly,4,56.0,BankTransfer,0,31.06,31,0,No
C497,Quarterly,4,57.11,CreditCard,0,74.65,35,1,Yes
C498,Annual,3,56.31,DebitCard,1,61.29,33,0,No
C499,Monthly,2,104.96,BankTransfer,0,79.55,18,1,Yes
C500,Monthly,4,79.23,Wallet,1,81.93,22,1,Yes
C501,Quarterly,2,77.93,CreditCard,0,123.29,19,0,Yes
C502,Monthly,2,85.14,UPI,1,75.37,14,1,Yes
C503,Annual,0,118.77,CreditCard,0,122.67,24,1,No
C504,Monthly,2,121.46,BankTransfer,0,59.31,14,0,Yes
C505,Monthly,3,106.63,CreditCard,0,92.58,28,0,Yes
C506,Annual,3,80.98,UPI,1,42.52,16,1,No
C507,Monthly,3,71.21,DebitCard,1,68.45,24,0,Yes
C508,Annual,2,91.27,UPI,0,93.12,10,1,Yes
C509,Monthly,2,121.01,CreditCard,1,61.25,26,0,No
C510,Monthly,2,60.84,DebitCard,0,55.47,9,1,Yes
C511,Monthly,5,93.28,CreditCard,1,111.55,4,1,Yes
C512,Monthly,0,112.43,UPI,0,79.52,8,1,Yes
C513,Monthly,3,98.8,DebitCard,0,72.28,36,0,Yes
C514,Monthly,2,115.34,UPI,0,57.7,37,0,No
C515,Monthly,6,83.05,UPI,0,49.44,23,1,No
C516,Annual,3,154.63,UPI,0,99.79,8,0,No
C517,Annual,5,71.69,BankTransfer,0,89.9,1,1,No
C518,Quarterly,2,88.52,UPI,0,72.3,16,1,No
C519,Annual,1,108.74,UPI,1,89.76,13,0,No
C520,Annual,2,94.95,UPI,0,36.83,21,1,No
C521,Monthly,0,73.04,UPI,0,73.67,1,0,No
C522,Monthly,1,97.39,DebitCard,0,116.46,36,0,No
C523,Quarterly,0,125.94,CreditCard,0,103.28,24,1,No
C524,Monthly,1,88.86,UPI,0,100.78,32,1,Yes
C525,Monthly,2,78.86,CreditCard,0,82.99,4,0,Yes
C526,Annual,5,110.03,UPI,0,81.71,12,0,No
C527,Annual,1,142.99,BankTransfer,0,128.41,20,0,Yes
C528,Monthly,1,81.05,Wallet,0,104.04,18,1,Yes
C529,Quarterly,3,77.4,Wallet,0,111.44,15,1,Yes
C530,Quarterly,2,109.87,CreditCard,1,27.09,24,1,No
C531,Annual,3,151.22,CreditCard,0,120.21,10,1,Yes
C532,Monthly,2,66.74,CreditCard,1,47.67,19,1,No
C533,Quarterly,2,105.85,UPI,0,92.73,26,0,No
C534,Monthly,2,70.21,CreditCard,1,35.88,12,1,Yes
C535,Monthly,2,70.06,CreditCard,0,93.86,16,0,No
C536,Monthly,5,134.88,BankTransfer,0,80.85,10,1,No
C537,Monthly,2,67.31,DebitCard,0,26.44,4,1,No
C538,Monthly,3,54.36,CreditCard,0,76.01,39,1,Yes
C539,Monthly,2,125.13,UPI,0,105.24,32,0,Yes
C540,Annual,2,106.43,UPI,0,85.59,10,0,No
C541,Monthly,0,85.95,DebitCard,0,73.93,1,1,Yes
C542,Annual,2,98.85,CreditCard,0,85.17,29,0,No
C543,Annual,3,100.11,UPI,0,74.41,39,0,No
C544,Quarterly,1,149.45,CreditCard,1,100.28,35,0,Yes
C545,Annual,0,78.9,UPI,0,98.7,24,0,No
C546,Monthly,3,61.58,BankTransfer,0,46.37,15,1,No
C547,Monthly,2,91.92,CreditCard,0,100.95,14,1,Yes
C548,Annual,2,65.49,UPI,0,86.48,31,1,Yes
C549,Annual,1,78.42,Wallet,0,63.06,23,1,No
C550,Monthly,1,70.79,UPI,1,70.94,40,1,Yes
C551,Annual,1,72.06,CreditCard,0,76.9,13,1,No
C552,Monthly,2,94.99,CreditCard,0,66.66,27,0,Yes
C553,Monthly,1,83.22,DebitCard,1,141.48,38,0,Yes
C554,Monthly,0,113.65,CreditCard,0,83.72,12,0,Yes
C555,Monthly,2,47.38,Wallet,1,55.03,24,0,Yes
C556,Monthly,1,96.4,UPI,0,88.69,15,0,No
C557,Annual,4,72.49,DebitCard,1,76.29,1,1,No
C558,Monthly,4,97.54,Wallet,0,49.03,27,0,Yes
C559,Monthly,0,67.67,CreditCard,0,48.47,19,0,No
C560,Monthly,2,63.64,UPI,0,70.21,22,1,Yes
C561,Monthly,1,101.1,UPI,0,93.51,26,1,No
C562,Monthly,1,83.58,CreditCard,1,55.81,5,0,No
C563,Monthly,2,93.61,Wallet,0,108.76,20,1,Yes
C564,Monthly,2,110.61,UPI,0,95.6,17,1,No
C565,Monthly,2,84.42,CreditCard,1,55.59,10,0,No
C566,Monthly,4,77.58,DebitCard,0,47.29,21,0,Yes
C567,Monthly,4,93.93,DebitCard,0,113.46,28,0,Yes
C568,Quarterly,4,114.3,BankTransfer,1,116.24,1,1,Yes
C569,Monthly,4,84.85,UPI,0,76.17,8,1,Yes
C570,Monthly,2,102.32,BankTransfer,1,79.58,13,1,No
C571,Monthly,4,63.19,Wallet,0,82.88,17,0,Yes
C572,Monthly,3,102.04,Wallet,0,104.11,27,1,No
C573,Monthly,3,110.45,DebitCard,0,66.78,27,1,No
C574,Monthly,1,140.87,Wallet,0,116.9,39,1,Yes
C575,Annual,1,127.41,DebitCard,0,0.0,30,1,No
C576,Monthly,3,66.75,Wallet,0,107.09,12,0,Yes
C577,Annual,6,75.27,UPI,0,52.61,22,1,No
C578,Monthly,2,122.7,UPI,0,47.16,15,1,Yes
C579,Monthly,3,102.14,CreditCard,0,89.96,14,0,No
C580,Annual,1,121.5,UPI,0,67.08,19,1,No
C581,Annual,1,39.77,UPI,1,65.39,10,1,No
C582,Annual,0,87.09,UPI,0,43.28,34,0,Yes
C583,Monthly,1,83.22,CreditCard,1,95.44,14,0,Yes
C584,Annual,0,94.03,CreditCard,0,116.01,27,1,No
C585,Annual,5,73.4,UPI,0,66.11,8,1,No
C586,Monthly,1,73.34,BankTransfer,0,108.19,20,1,Yes
C587,Monthly,2,79.24,CreditCard,0,106.45,14,1,Yes
C588,Quarterly,1,70.97,BankTransfer,0,69.28,24,1,No
C589,Monthly,5,75.67,BankTransfer,0,11.36,24,1,No
C590,Annual,3,71.27,CreditCard,1,92.5,25,1,Yes
C591,Quarterly,1,66.95,UPI,1,132.6,10,1,Yes
C592,Annual,1,79.18,DebitCard,0,66.31,3,1,No
C593,Monthly,3,117.86,CreditCard,0,50.03,17,0,Yes
C594,Monthly,1,74.51,CreditCard,0,97.31,22,1,Yes
C595,Monthly,0,78.01,DebitCard,0,54.68,27,1,No
C596,Monthly,3,95.58,CreditCard,0,75.8,26,0,No
C597,Annual,3,69.77,UPI,0,75.78,18,0,No
C598,Annual,8,54.1,DebitCard,0,109.46,5,1,No
C599,Monthly,3,88.95,DebitCard,0,47.61,28,0,Yes
C600,Monthly,3,108.02,BankTransfer,0,93.51,8,1,Yes
C601,Monthly,2,52.37,BankTransfer,0,64.9,24,0,Yes
C602,Monthly,2,92.48,DebitCard,1,52.91,5,1,No
C603,Annual,2,88.78,DebitCard,1,102.23,25,1,No
C604,Monthly,2,75.29,UPI,0,97.56,17,1,Yes
C605,Monthly,1,116.92,DebitCard,0,131.61,13,1,Yes
C606,Monthly,2,84.13,BankTransfer,0,62.1,36,0,Yes
C607,Annual,1,84.49,CreditCard,0,112.06,1,0,Yes
C608,Monthly,1,135.88,CreditCard,0,115.1,11,1,Yes
C609,Monthly,3,84.87,CreditCard,0,90.31,11,0,Yes
C610,Monthly,3,52.28,CreditCard,0,68.95,28,0,Yes
C611,Monthly,3,151.24,CreditCard,0,107.66,11,1,Yes
C612,Monthly,0,129.74,BankTransfer,0,64.42,23,0,Yes
C613,Annual,3,114.9,UPI,1,94.82,24,1,No
C614,Quarterly,2,97.24,UPI,0,88.94,22,1,No
C615,Monthly,1,117.95,BankTransfer,0,61.1,8,0,No
C616,Monthly,4,85.0,UPI,0,49.64,27,0,No
C617,Annual,0,114.56,UPI,0,47.29,23,0,No
C618,Annual,0,120.25,CreditCard,0,94.29,31,1,No
C619,Monthly,2,97.97,CreditCard,0,78.18,32,1,No
C620,Annual,2,83.34,UPI,0,74.25,30,1,No
C621,Monthly,0,82.86,Wallet,1,104.08,12,0,No
C622,Quarterly,4,74.48,CreditCard,0,73.99,14,1,No
C623,Quarterly,0,81.81,DebitCard,0,22.94,29,0,Yes
C624,Annual,0,75.09,CreditCard,0,64.11,15,1,Yes
C625,Quarterly,6,93.42,CreditCard,0,55.13,28,1,No
C626,Monthly,4,93.37,UPI,0,82.62,11,0,No
C627,Quarterly,5,80.96,BankTransfer,0,89.24,19,0,No
C628,Monthly,0,98.71,BankTransfer,0,115.68,44,0,Yes
C629,Annual,4,143.69,UPI,0,99.45,14,0,No
C630,Monthly,2,97.18,CreditCard,0,81.88,28,0,Yes
C631,Monthly,2,88.21,CreditCard,0,111.26,4,1,Yes
C632,Quarterly,2,106.48,UPI,0,55.77,11,1,Yes
C633,Monthly,4,48.04,BankTransfer,0,124.94,15,1,Yes
C634,Quarterly,1,119.53,CreditCard,0,126.59,7,0,No
C635,Quarterly,1,94.99,Wallet,0,45.39,33,1,Yes
C636,Annual,5,81.05,BankTransfer,0,87.14,19,0,No
C637,Annual,0,110.66,CreditCard,0,76.86,28,1,No
C638,Monthly,1,87.82,BankTransfer,0,69.94,23,1,No
C639,Monthly,1,67.97,UPI,0,44.69,28,1,Yes
C640,Monthly,2,85.62,Wallet,0,105.17,14,0,Yes
C641,Monthly,3,69.32,UPI,0,106.81,14,1,Yes
C642,Monthly,2,92.49,UPI,0,100.36,7,1,No
C643,Annual,2,84.89,BankTransfer,0,116.43,19,1,No
C644,Monthly,2,89.73,Wallet,0,65.66,16,0,No
C645,Monthly,2,59.56,DebitCard,0,58.75,35,0,No
C646,Annual,1,65.9,DebitCard,0,20.06,10,0,No
C647,Annual,0,130.03,BankTransfer,0,59.34,21,1,No
C648,Monthly,1,148.03,CreditCard,0,75.39,36,0,Yes
C649,Monthly,4,116.97,DebitCard,0,43.91,13,1,No
C650,Annual,2,117.4,CreditCard,0,126.72,11,1,No
C651,Quarterly,1,129.93,DebitCard,0,90.8,18,0,No
C652,Monthly,2,119.39,UPI,0,80.02,24,0,Yes
C653,Monthly,4,117.0,CreditCard,0,118.23,21,0,Yes
C654,Annual,2,56.86,DebitCard,0,72.75,12,1,No
C655,Monthly,5,92.06,UPI,0,92.25,25,0,Yes
C656,Annual,1,84.37,DebitCard,0,94.18,19,1,No
C657,Quarterly,5,106.79,Wallet,0,87.75,12,1,No
C658,Monthly,2,102.9,UPI,0,80.64,14,1,No
C659,Annual,4,91.88,DebitCard,0,45.97,2,1,No
C660,Monthly,3,157.75,UPI,0,95.88,15,1,Yes
C661,Monthly,3,118.76,UPI,1,71.41,18,1,No
C662,Quarterly,6,78.01,DebitCard,0,46.61,21,0,No
C663,Monthly,0,93.06,CreditCard,0,129.27,18,1,No
C664,Annual,2,119.07,BankTransfer,0,70.53,21,0,No
C665,Quarterly,1,85.52,CreditCard,0,67.49,18,1,No
C666,Monthly,3,125.56,DebitCard,0,113.15,18,1,No
C667,Monthly,3,103.61,UPI,0,39.67,21,0,No
C668,Monthly,3,103.75,BankTransfer,0,102.28,8,1,No
C669,Quarterly,1,94.06,DebitCard,1,87.06,9,0,No
C670,Monthly,3,112.36,CreditCard,0,43.91,31,1,Yes
C671,Monthly,3,66.17,UPI,0,120.18,24,0,No
C672,Annual,0,75.7,BankTransfer,1,125.25,11,1,Yes
C673,Annual,1,71.26,DebitCard,1,87.27,18,1,Yes
C674,Monthly,3,129.8,BankTransfer,0,84.45,35,1,Yes
C675,Monthly,6,82.23,DebitCard,0,48.61,10,1,Yes
C676,Monthly,2,83.06,BankTransfer,1,90.57,22,1,Yes
C677,Monthly,2,88.13,CreditCard,1,98.83,11,0,No
C678,Monthly,4,79.45,UPI,1,85.83,16,0,Yes
C679,Monthly,3,42.49,BankTransfer,0,52.76,22,1,No
C680,Annual,0,90.82,CreditCard,0,85.87,7,0,Yes
C681,Monthly,5,67.34,Wallet,1,91.84,13,1,Yes
C682,Monthly,2,89.92,UPI,0,85.3,27,1,No
C683,Monthly,1,71.02,DebitCard,0,42.17,17,1,No
C684,Monthly,5,115.37,CreditCard,0,65.11,26,0,Yes
C685,Quarterly,0,90.73,UPI,0,57.39,35,1,No
C686,Monthly,3,117.52,DebitCard,0,74.28,9,0,Yes
C687,Annual,0,84.53,UPI,0,96.88,27,1,Yes
C688,Annual,2,58.02,CreditCard,1,28.24,23,0,Yes
C689,Monthly,2,102.63,CreditCard,0,95.61,23,1,No
C690,Monthly,4,71.09,CreditCard,0,54.33,1,1,Yes
C691,Annual,1,75.31,UPI,0,84.84,21,0,No
C692,Quarterly,3,141.65,CreditCard,0,120.5,1,0,Yes
C693,Monthly,1,106.12,CreditCard,0,68.68,21,1,No
C694,Quarterly,1,116.75,UPI,0,50.88,1,1,No
C695,Monthly,3,80.78,CreditCard,0,44.6,13,1,Yes
C696,Annual,3,61.52,DebitCard,0,47.64,1,0,No
C697,Annual,1,83.01,DebitCard,0,67.93,25,0,Yes
C698,Annual,1,137.65,Wallet,0,94.43,25,0,No
C699,Quarterly,1,90.06,DebitCard,0,50.36,15,1,No
C700,Annual,3,100.41,CreditCard,0,63.48,38,1,Yes
C701,Monthly,2,126.41,BankTransfer,0,109.71,7,1,Yes
C702,Monthly,1,40.24,CreditCard,0,142.55,17,0,Yes
C703,Monthly,3,119.47,UPI,0,92.12,45,1,Yes
C704,Annual,5,104.54,UPI,0,93.83,20,1,No
C705,Monthly,1,91.91,DebitCard,0,76.39,46,1,No
C706,Quarterly,0,97.07,UPI,0,104.0,12,1,No
C707,Monthly,4,85.32,Wallet,1,108.72,29,0,Yes
C708,Annual,1,120.86,DebitCard,0,43.68,25,1,No
C709,Monthly,4,34.0,DebitCard,0,65.64,12,1,Yes
C710,Monthly,4,73.5,CreditCard,0,64.88,8,1,No
C711,Monthly,2,78.4,BankTransfer,0,96.99,13,0,Yes
C712,Monthly,4,74.59,BankTransfer,1,102.84,33,0,No
C713,Monthly,0,110.11,CreditCard,1,84.82,1,1,No
C714,Quarterly,4,66.27,DebitCard,1,87.3,37,1,Yes
C715,Monthly,3,55.11,UPI,0,123.46,16,0,Yes
C716,Annual,1,131.67,Wallet,0,50.86,34,0,Yes
C717,Monthly,4,64.82,Wallet,0,82.52,13,0,Yes
C718,Monthly,2,78.09,Wallet,0,50.65,22,1,Yes
C719,Annual,4,92.44,UPI,0,113.25,22,1,No
C720,Monthly,2,43.58,UPI,0,42.15,14,1,No
C721,Monthly,3,138.48,CreditCard,0,74.61,18,0,No
C722,Annual,4,87.8,DebitCard,0,110.66,33,1,Yes
C723,Monthly,1,92.08,UPI,0,77.77,5,1,No
C724,Annual,1,116.15,DebitCard,0,113.21,18,1,No
C725,Monthly,2,95.33,CreditCard,1,52.94,24,1,Yes
C726,Monthly,4,87.76,DebitCard,0,78.0,17,0,Yes
C727,Quarterly,3,101.43,UPI,0,139.55,19,0,No
C728,Monthly,1,62.4,CreditCard,0,88.4,43,1,No
C729,Monthly,1,98.42,Wallet,0,95.52,12,1,Yes
C730,Quarterly,0,56.83,UPI,0,70.54,2,1,Yes
C731,Quarterly,2,75.13,CreditCard,0,33.13,22,1,Yes
C732,Monthly,2,123.91,CreditCard,0,49.71,31,0,No
C733,Monthly,3,27.41,CreditCard,0,76.97,15,1,Yes
C734,Annual,0,95.33,DebitCard,0,83.11,1,1,Yes
C735,Monthly,1,90.21,BankTransfer,0,9.04,17,1,No
C736,Annual,1,110.83,DebitCard,0,95.38,18,1,No
C737,Monthly,4,112.52,BankTransfer,1,82.49,4,0,Yes
C738,Monthly,4,148.23,CreditCard,1,90.35,20,0,Yes
C739,Monthly,1,51.98,CreditCard,0,66.78,14,1,Yes
C740,Quarterly,2,81.76,UPI,0,87.01,32,0,No
C741,Annual,3,114.15,CreditCard,1,38.77,39,1,Yes
C742,Annual,4,77.29,CreditCard,0,31.53,19,0,No
C743,Annual,3,20.0,UPI,0,50.47,13,1,No
C744,Annual,4,67.46,DebitCard,1,116.98,8,1,No
C745,Annual,0,101.23,UPI,0,66.77,43,1,No
C746,Monthly,2,94.68,CreditCard,0,74.13,15,1,Yes
C747,Annual,5,104.37,CreditCard,0,73.61,15,0,No
C748,Monthly,3,79.22,BankTransfer,0,72.9,25,0,Yes
C749,Monthly,3,77.75,UPI,0,29.47,35,0,Yes
C750,Monthly,1,106.01,CreditCard,0,95.66,7,0,Yes
C751,Annual,1,84.31,DebitCard,0,70.55,8,1,No
C752,Quarterly,3,87.08,CreditCard,1,79.62,20,1,Yes
C753,Monthly,2,79.27,CreditCard,0,57.49,21,1,No
C754,Quarterly,3,69.66,UPI,0,93.03,21,1,No
C755,Monthly,2,87.11,CreditCard,0,66.51,13,1,No
C756,Monthly,0,79.65,CreditCard,0,70.14,11,0,No
C757,Quarterly,2,125.74,CreditCard,0,102.01,22,1,Yes
C758,Quarterly,4,99.01,CreditCard,0,67.71,22,1,Yes
C759,Monthly,1,86.74,DebitCard,0,45.75,30,0,Yes
C760,Monthly,1,107.55,CreditCard,0,110.76,7,1,Yes
C761,Quarterly,1,103.93,DebitCard,1,51.87,28,1,Yes
C762,Annual,2,120.94,DebitCard,0,35.6,11,0,No
C763,Annual,0,73.94,CreditCard,0,93.24,36,0,No
C764,Monthly,2,73.46,CreditCard,0,67.28,34,1,Yes
C765,Quarterly,3,73.09,CreditCard,0,27.63,24,1,No
C766,Annual,2,63.11,BankTransfer,0,106.14,16,0,No
C767,Annual,5,74.08,DebitCard,0,92.65,8,1,No
C768,Monthly,0,71.35,DebitCard,0,113.65,17,0,No
C769,Annual,5,106.47,Wallet,0,48.05,17,1,Yes
C770,Monthly,5,59.2,Wallet,0,62.57,17,1,Yes
C771,Monthly,1,73.01,UPI,0,67.02,27,1,Yes
C772,Monthly,1,80.63,BankTransfer,1,84.53,3,0,Yes
C773,Annual,2,85.13,UPI,0,36.34,23,1,No
C774,Annual,3,110.03,CreditCard,0,127.96,23,0,No
C775,Monthly,1,80.4,UPI,0,59.33,7,1,Yes
C776,Quarterly,3,82.49,DebitCard,0,88.1,20,1,Yes
C777,Monthly,2,78.94,Wallet,0,102.06,20,0,Yes
C778,Monthly,5,108.86,CreditCard,0,27.66,4,0,Yes
C779,Monthly,1,94.1,UPI,0,110.34,1,1,Yes
C780,Monthly,1,79.01,CreditCard,0,118.96,24,0,Yes
C781,Monthly,1,69.76,DebitCard,1,46.1,31,0,Yes
C782,Quarterly,5,114.35,DebitCard,0,102.82,11,1,Yes
C783,Quarterly,3,102.55,CreditCard,0,78.22,12,0,Yes
C784,Quarterly,2,126.93,Wallet,0,111.37,30,1,No
C785,Annual,1,120.18,Wallet,0,45.01,21,1,Yes
C786,Monthly,4,65.51,CreditCard,1,93.1,38,0,No
C787,Annual,1,58.18,UPI,0,59.14,23,0,No
C788,Quarterly,3,129.02,BankTransfer,0,81.79,34,0,Yes
C789,Annual,3,101.99,UPI,0,118.36,14,0,No
C790,Monthly,2,84.35,DebitCard,0,77.01,20,1,No
C791,Annual,1,81.96,UPI,0,83.53,25,0,No
C792,Monthly,2,56.28,DebitCard,1,58.86,14,1,No
C793,Monthly,1,78.39,UPI,0,95.45,17,1,No
C794,Annual,1,106.56,UPI,0,64.94,12,1,Yes
C795,Monthly,1,64.86,CreditCard,1,67.73,38,0,No
C796,Monthly,4,71.65,UPI,0,86.57,19,1,Yes
C797,Quarterly,3,93.68,UPI,0,69.7,28,1,No
C798,Annual,0,133.62,UPI,0,100.24,11,1,No
C799,Annual,5,114.11,CreditCard,0,44.25,10,1,No
C800,Annual,0,85.42,UPI,0,70.78,12,1,No
C801,Annual,4,69.49,CreditCard,0,47.15,14,0,No
C802,Monthly,2,99.19,DebitCard,0,93.66,17,1,Yes
C803,Monthly,2,90.85,UPI,0,65.45,23,0,No
C804,Monthly,4,92.38,CreditCard,0,73.2,20,1,Yes
C805,Monthly,5,96.23,Wallet,0,140.41,12,1,Yes
C806,Quarterly,1,121.3,UPI,1,102.19,16,0,Yes
C807,Annual,3,88.58,CreditCard,0,60.42,33,1,No
C808,Monthly,1,95.17,Wallet,0,78.19,21,1,Yes
C809,Annual,0,132.27,UPI,0,111.92,22,1,No
C810,Annual,3,30.67,BankTransfer,1,122.18,33,0,No
C811,Quarterly,2,95.22,UPI,0,51.64,14,1,Yes
C812,Monthly,3,40.01,UPI,0,85.85,30,0,Yes
C813,Monthly,2,92.89,Wallet,0,92.03,8,0,Yes
C814,Annual,2,94.87,DebitCard,0,37.78,25,0,No
C815,Quarterly,1,105.39,DebitCard,0,78.22,23,0,Yes
C816,Monthly,3,73.51,DebitCard,0,142.11,17,1,Yes
C817,Monthly,3,131.75,DebitCard,1,112.42,9,1,No
C818,Monthly,0,58.97,BankTransfer,0,73.26,12,0,Yes
C819,Annual,1,96.91,UPI,0,131.73,1,0,No
C820,Annual,1,62.13,UPI,1,106.69,17,1,No
C821,Annual,1,106.44,DebitCard,0,128.45,8,1,Yes
C822,Annual,1,92.98,DebitCard,0,0.0,41,0,No
C823,Monthly,3,100.2,CreditCard,1,56.45,37,1,Yes
C824,Annual,4,86.18,BankTransfer,1,56.32,16,1,No
C825,Monthly,2,108.68,UPI,0,112.51,20,0,Yes
C826,Quarterly,0,78.53,DebitCard,0,89.24,19,1,No
C827,Monthly,2,119.88,UPI,0,72.82,9,1,No
C828,Monthly,2,125.04,Wallet,0,63.83,5,1,Yes
C829,Annual,2,67.18,DebitCard,0,47.21,27,0,No
C830,Monthly,3,84.87,CreditCard,0,56.03,2,1,No
C831,Annual,1,43.77,DebitCard,0,51.05,22,1,No
C832,Quarterly,3,33.54,DebitCard,0,97.65,10,1,Yes
C833,Monthly,1,74.24,Wallet,1,121.55,16,0,Yes
C834,Monthly,0,93.58,BankTransfer,0,129.78,13,1,Yes
C835,Monthly,1,115.23,BankTransfer,0,61.69,30,1,Yes
C836,Quarterly,2,89.09,UPI,0,56.2,11,0,Yes
C837,Annual,2,85.85,UPI,0,111.11,21,0,No
C838,Monthly,3,117.72,CreditCard,0,136.84,20,0,No
C839,Monthly,1,115.2,BankTransfer,0,68.33,13,1,No
C840,Annual,3,91.58,BankTransfer,0,59.56,23,1,Yes
C841,Monthly,4,140.97,UPI,0,103.79,40,0,No
C842,Annual,5,130.81,Wallet,0,27.02,27,1,No
C843,Annual,2,48.25,BankTransfer,0,82.44,12,0,Yes
C844,Monthly,0,99.39,DebitCard,0,45.16,9,0,Yes
C845,Quarterly,1,102.17,UPI,0,121.68,30,0,No
C846,Monthly,3,125.6,BankTransfer,0,74.68,5,0,No
C847,Monthly,0,64.47,CreditCard,0,86.61,31,1,Yes
C848,Annual,3,93.29,CreditCard,0,102.24,13,1,No
C849,Monthly,1,76.27,BankTransfer,0,59.56,20,1,Yes
C850,Monthly,1,121.58,BankTransfer,0,87.89,8,1,Yes
C851,Monthly,3,66.45,CreditCard,0,47.32,29,0,Yes
C852,Monthly,2,138.65,UPI,0,64.85,17,0,Yes
C853,Monthly,0,62.67,UPI,0,95.41,38,1,No
C854,Annual,3,93.32,UPI,0,84.54,13,0,Yes
C855,Monthly,4,55.21,UPI,0,77.37,23,0,Yes
C856,Monthly,1,84.78,UPI,0,103.6,25,1,No
C857,Monthly,3,88.35,UPI,0,120.16,41,1,Yes
C858,Monthly,3,112.83,UPI,0,113.92,19,1,Yes
C859,Quarterly,0,101.63,CreditCard,1,56.79,39,0,No
C860,Annual,3,79.37,CreditCard,0,106.81,23,0,No
C861,Monthly,2,60.31,CreditCard,0,81.57,33,1,No
C862,Monthly,2,108.87,BankTransfer,0,51.89,20,0,No
C863,Quarterly,1,59.97,DebitCard,0,76.33,10,0,No
C864,Annual,1,101.59,UPI,0,42.72,34,0,No
C865,Monthly,2,80.85,BankTransfer,0,78.99,3,1,Yes
C866,Monthly,0,126.5,CreditCard,0,96.05,27,1,Yes
C867,Quarterly,2,81.34,CreditCard,1,60.93,7,0,Yes
C868,Monthly,0,43.63,CreditCard,0,93.07,14,1,No
C869,Quarterly,1,92.35,BankTransfer,1,105.11,22,1,No
C870,Annual,4,55.02,UPI,1,100.51,10,0,No
C871,Monthly,1,80.17,CreditCard,0,75.83,37,1,No
C872,Monthly,2,165.82,CreditCard,0,76.04,24,1,No
C873,Monthly,4,100.8,CreditCard,0,83.69,39,0,Yes
C874,Monthly,3,70.11,BankTransfer,0,25.01,1,0,Yes
C875,Annual,3,109.62,DebitCard,0,57.49,19,0,No
C876,Monthly,3,118.79,BankTransfer,0,81.69,23,0,No
C877,Monthly,1,84.65,Wallet,1,82.94,30,0,Yes
C878,Monthly,0,109.43,BankTransfer,0,80.75,1,0,No
C879,Quarterly,1,53.49,UPI,1,41.51,15,1,No
C880,Annual,2,71.4,CreditCard,0,97.2,19,0,No
C881,Monthly,1,85.18,UPI,0,123.04,11,1,No
C882,Monthly,1,93.88,BankTransfer,0,85.87,10,0,No
C883,Annual,1,25.33,BankTransfer,1,23.27,16,1,No
C884,Monthly,1,118.77,DebitCard,0,107.72,28,0,Yes
C885,Annual,1,122.08,DebitCard,0,78.45,5,0,No
C886,Monthly,4,83.84,Wallet,0,66.94,3,0,Yes
C887,Monthly,4,102.22,DebitCard,0,72.53,4,1,No
C888,Annual,2,100.92,CreditCard,0,97.47,9,0,No
C889,Monthly,1,51.78,CreditCard,0,130.62,19,1,No
C890,Monthly,2,45.4,DebitCard,1,98.84,16,0,Yes
C891,Monthly,2,145.75,CreditCard,0,104.4,8,0,No
C892,Quarterly,2,134.09,Wallet,0,57.18,20,1,No
C893,Monthly,5,112.1,UPI,0,100.83,5,1,Yes
C894,Monthly,1,105.72,BankTransfer,0,103.62,14,1,Yes
C895,Monthly,2,55.84,UPI,1,103.63,13,0,Yes
C896,Monthly,1,67.61,DebitCard,0,116.48,20,1,No
C897,Monthly,2,82.61,CreditCard,0,62.08,8,1,Yes
C898,Annual,0,54.63,CreditCard,0,74.84,27,0,No
C899,Annual,5,101.29,BankTransfer,0,61.39,20,1,No
C900,Monthly,3,64.44,UPI,1,102.76,3,0,Yes
C901,Monthly,2,97.09,CreditCard,0,105.07,25,0,Yes
C902,Quarterly,1,72.69,DebitCard,0,136.74,29,0,No
C903,Annual,1,98.74,Wallet,0,99.43,16,1,No
C904,Monthly,3,117.61,Wallet,0,51.87,15,1,Yes
C905,Quarterly,1,88.02,Wallet,0,62.97,13,1,Yes
C906,Annual,4,96.37,BankTransfer,1,59.0,10,1,No
C907,Annual,1,54.32,DebitCard,0,23.38,8,1,No
C908,Monthly,7,82.5,UPI,0,60.02,16,0,Yes
C909,Annual,2,46.9,CreditCard,0,134.46,6,1,No
C910,Monthly,1,136.69,UPI,0,62.32,9,1,Yes
C911,Monthly,4,91.36,UPI,1,70.56,15,0,No
C912,Monthly,0,97.72,CreditCard,0,67.01,23,1,No
C913,Quarterly,2,111.41,CreditCard,1,78.02,26,1,No
C914,Quarterly,1,101.34,UPI,0,51.53,28,1,No
C915,Annual,1,100.53,CreditCard,0,122.66,27,1,No
C916,Annual,2,92.32,DebitCard,0,28.73,25,0,No
C917,Monthly,3,100.91,DebitCard,0,82.7,40,1,No
C918,Monthly,4,104.98,Wallet,0,90.11,24,0,No
C919,Annual,1,63.44,CreditCard,0,81.57,23,1,No
C920,Monthly,4,125.24,CreditCard,0,113.96,16,0,No
C921,Monthly,5,91.28,CreditCard,0,46.87,9,1,Yes
C922,Annual,4,78.19,UPI,0,110.53,11,0,No
C923,Monthly,3,109.17,CreditCard,0,50.07,15,1,Yes
C924,Monthly,4,99.75,UPI,0,86.88,18,0,Yes
C925,Monthly,3,57.26,UPI,1,71.18,24,1,Yes
C926,Monthly,6,141.14,DebitCard,0,77.16,13,0,Yes
C927,Monthly,1,86.65,DebitCard,0,101.24,21,0,Yes
C928,Quarterly,1,68.28,UPI,1,74.46,15,1,No
C929,Annual,2,91.69,CreditCard,0,78.74,13,1,No
C930,Monthly,1,100.59,DebitCard,0,79.39,34,1,Yes
C931,Monthly,5,69.98,DebitCard,0,62.5,1,1,No
C932,Monthly,0,68.02,CreditCard,0,84.51,8,1,No
C933,Monthly,2,116.04,UPI,0,51.81,1,0,Yes
C934,Monthly,0,74.92,DebitCard,0,42.32,17,0,Yes
C935,Monthly,1,78.78,CreditCard,1,44.59,27,0,Yes
C936,Annual,1,101.32,CreditCard,0,133.71,14,0,No
C937,Monthly,2,155.09,DebitCard,0,41.49,21,0,Yes
C938,Monthly,2,176.51,UPI,0,63.01,16,1,No
C939,Annual,1,118.35,Wallet,1,46.26,21,0,Yes
C940,Annual,1,107.18,DebitCard,0,80.28,24,0,Yes
C941,Monthly,0,103.15,CreditCard,0,47.62,36,1,Yes
C942,Monthly,4,37.01,UPI,0,93.45,3,0,Yes
C943,Quarterly,2,75.8,BankTransfer,0,137.94,1,1,No
C944,Annual,2,121.54,CreditCard,0,27.72,12,0,Yes
C945,Monthly,1,41.48,DebitCard,1,123.39,6,1,Yes
C946,Monthly,4,108.57,CreditCard,0,76.08,9,0,Yes
C947,Monthly,1,92.93,UPI,0,97.64,15,0,No
C948,Annual,3,133.39,CreditCard,0,76.14,15,0,No
C949,Monthly,2,59.88,BankTransfer,0,123.39,23,0,No
C950,Monthly,3,105.52,DebitCard,0,42.47,13,1,No
C951,Quarterly,1,89.35,UPI,0,75.27,20,0,Yes
C952,Monthly,5,105.18,DebitCard,1,46.94,18,1,Yes
C953,Monthly,4,77.43,DebitCard,0,20.42,19,0,No
C954,Monthly,3,96.47,CreditCard,0,0.0,14,0,Yes
C955,Annual,6,103.56,BankTransfer,1,43.15,12,0,No
C956,Annual,0,83.09,CreditCard,0,71.29,1,1,No
C957,Monthly,4,75.08,CreditCard,0,54.03,17,0,No
C958,Quarterly,0,63.19,DebitCard,0,95.18,20,1,No
C959,Monthly,2,114.56,CreditCard,0,72.43,11,1,No
C960,Monthly,1,98.37,DebitCard,0,99.67,30,0,No
C961,Annual,2,112.35,CreditCard,0,66.24,5,0,No
C962,Monthly,1,91.93,BankTransfer,1,37.18,32,0,Yes
C963,Annual,0,98.17,BankTransfer,0,43.33,11,0,No
C964,Annual,3,93.87,CreditCard,1,87.43,26,0,No
C965,Quarterly,1,100.83,Wallet,0,45.67,19,1,No
C966,Monthly,2,51.76,CreditCard,0,124.21,29,1,No
C967,Monthly,2,64.21,UPI,0,73.26,9,1,No
C968,Monthly,1,83.64,BankTransfer,0,26.25,25,0,Yes
C969,Annual,6,75.94,CreditCard,0,86.49,22,0,No
C970,Monthly,4,100.28,CreditCard,0,99.04,37,0,Yes
C971,Annual,3,60.68,Wallet,0,73.11,19,1,Yes
C972,Monthly,1,125.34,UPI,0,60.58,2,0,No
C973,Annual,1,58.55,BankTransfer,0,97.13,23,1,Yes
C974,Annual,1,68.44,CreditCard,0,105.0,31,1,No
C975,Annual,4,74.47,CreditCard,0,97.06,29,1,No
C976,Monthly,0,100.34,CreditCard,0,38.14,14,1,Yes
C977,Monthly,4,78.66,DebitCard,0,33.94,8,1,Yes
C978,Monthly,4,91.18,CreditCard,0,114.13,9,1,No
C979,Monthly,1,128.41,UPI,0,87.81,22,1,No
C980,Annual,4,84.71,CreditCard,0,93.75,14,1,No
C981,Monthly,3,72.32,DebitCard,0,62.99,16,1,Yes
C982,Annual,0,82.68,UPI,0,125.65,10,1,No
C983,Monthly,2,99.44,CreditCard,0,100.05,1,0,Yes
C984,Monthly,3,91.12,UPI,0,119.58,19,0,No
C985,Annual,0,83.24,BankTransfer,0,84.46,12,1,No
C986,Annual,0,134.58,DebitCard,0,32.3,10,0,No
C987,Monthly,1,45.96,UPI,0,79.56,1,1,Yes
C988,Annual,2,115.65,DebitCard,0,79.82,3,1,Yes
C989,Quarterly,3,119.35,BankTransfer,0,62.63,13,1,No
C990,Monthly,4,80.43,BankTransfer,0,59.75,26,0,Yes
C991,Quarterly,2,92.46,BankTransfer,1,69.95,24,1,No
C992,Monthly,1,115.72,DebitCard,0,67.96,17,0,Yes
C993,Monthly,3,107.12,DebitCard,0,90.63,33,1,No
C994,Annual,1,102.8,CreditCard,0,42.07,10,0,No
C995,Annual,4,108.12,CreditCard,0,103.18,19,1,Yes
C996,Monthly,0,94.69,BankTransfer,1,49.73,17,1,Yes
C997,Quarterly,2,115.76,UPI,0,35.55,6,0,No
C998,Monthly,0,148.22,DebitCard,0,71.7,20,1,Yes
C999,Annual,4,108.23,CreditCard,1,108.83,15,1,Yes
C1000,Quarterly,2,126.03,BankTransfer,1,88.98,15,1,Yes
C1001,Quarterly,3,94.67,CreditCard,0,64.47,22,1,Yes
C1002,Monthly,5,96.41,UPI,0,61.17,29,0,No
